email,order_date,amount
libbie.jenkins@huels.co,2016-01-18,91.79
coralie@renner.name,2015-12-30,41.58
garrick@torphy.biz,2015-12-30,61.06
lacy.wolf@ortizswift.biz,2015-12-17,44.51
bertha@schmeler.com,2015-05-27,42.56
ted@goyette.org,2015-11-05,82.92
karine@quigley.biz,2016-04-26,31.69
bernadine.durgan@leuschke.net,2016-01-10,45.28
annabel@ratke.org,2016-01-15,95.54
myah.zulauf@colehermiston.net,2015-07-28,78.68
gavin@goldner.info,2016-04-17,12.38
lonnie_kohler@turner.io,2016-05-10,25.67
lyda@brekke.org,2015-07-03,35.65
adele.harvey@kochherman.org,2016-03-19,18.76
baron.schuster@ko.io,2016-03-31,33.52
carrie_towne@christiansen.name,2015-08-22,84.46
toy@marks.biz,2016-01-08,10.96
christy.dubuque@gottlieb.net,2016-01-17,42.38
madelyn@volkman.org,2015-11-19,15.86
gust@pfannerstill.name,2016-04-09,98.17
ansel@donnelly.org,2015-06-12,13.45
darian.leuschke@hoppestiedemann.org,2015-05-26,22.71
robyn@dickenshalvorson.org,2015-12-26,42.64
adelle@daugherty.name,2016-03-25,71.58
jackeline.mann@koepp.biz,2015-07-18,85.66
wyatt@anderson.co,2015-09-16,80.53
sebastian@stokescummerata.com,2015-10-01,68.33
macey@maggio.info,2015-12-09,40.13
billy@sanfordjerde.net,2016-04-14,35.07
meagan@kunde.io,2016-03-17,93.74
moses@wintheiser.info,2016-02-15,57.56
conor@hilllboyle.net,2015-12-13,34.03
janick.mosciski@paucek.io,2016-01-06,62.58
laila@schinner.name,2015-12-21,99.77
mortimer@jacobson.io,2015-11-26,52.64
everette.larkin@wuckert.org,2016-03-24,68.63
zena_wisozk@dicki.io,2015-07-07,51.09
jaren_heller@bahringer.biz,2016-05-08,78.69
rhianna_will@cain.name,2015-12-18,72.63
ashlynn@larkincronin.io,2015-07-30,14.61
antoinette@graham.net,2015-07-03,14.39
velma@lubowitzkirlin.info,2016-04-20,73.78
royal.gleichner@kuhn.org,2015-10-19,84.82
wilfrid_carter@bailey.com,2016-04-22,49.86
devonte@lockman.net,2015-11-06,61.82
sheridan.graham@smith.name,2015-11-13,86.59
patsy@goyettereilly.name,2015-06-16,39.08
shanel@schuppe.biz,2015-08-25,14.87
evans.cain@lind.name,2015-09-04,24.01
ada@nolan.com,2015-08-09,90.59
maurice@harriscrist.info,2015-07-07,37.26
hank@mraz.org,2016-02-24,42.63
jason@moriette.io,2015-06-26,41.94
elisha@feeneycain.net,2015-10-29,62.23
rigoberto@bernierwilkinson.net,2016-01-26,60.42
friedrich.davis@schaefer.co,2015-10-29,21.68
rozella@brakuschristiansen.co,2015-10-11,27.26
anais@collierzulauf.info,2015-10-21,35.48
kristoffer.koch@nikolausdeckow.org,2016-01-07,62.43
kasey.monahan@weber.co,2015-07-11,37.81
friedrich@mayert.org,2015-06-05,73.34
alverta_labadie@wizadavis.com,2015-07-23,33.69
oda@ferryquitzon.biz,2015-08-07,13.46
janiya_weinat@greenholt.info,2015-07-15,71.97
angelita@swiftmosciski.net,2015-07-11,19.92
erich_spencer@zemlak.com,2015-10-12,85.12
cleveland.quitzon@hirthe.net,2015-06-20,22.11
jarret@reichertgutmann.io,2015-10-04,88.56
fatima@bahringerjohnson.name,2016-01-20,70.88
fabian_wiegand@lesch.org,2016-03-28,82.67
matteo@johnston.com,2015-10-01,73.82
scarlett@tillman.biz,2016-02-25,11.88
alana@abbott.info,2016-01-15,39.67
virgil@kautzer.biz,2015-11-15,59.02
leilani@bruen.net,2015-09-09,15.61
alvera_farrell@hermanpollich.biz,2015-12-08,75.26
allene@bode.com,2015-08-11,33.33
jalen_wilkinson@cain.io,2016-02-16,76.53
theo@smithmills.com,2015-12-25,28.88
tevin@nolannader.io,2016-01-25,40.83
thora_jaskolski@ortiz.io,2015-09-08,83.06
travon@stoltenbergdeckow.io,2016-04-24,12.65
christelle_mante@padbergschulist.biz,2015-09-02,80.91
tomasa_gleason@kertzmann.org,2015-10-01,81.13
claudine_feest@kohlerhaag.io,2015-05-22,59.44
hipolito_langworth@gutkowski.net,2016-04-28,95.46
nichole_vandervort@stark.co,2015-08-02,56.17
amaya@beahanwilkinson.co,2016-03-10,32.98
ulises@lemkeharber.org,2015-08-07,69.24
amelia@auer.biz,2015-09-19,26.07
ansel_white@gleason.co,2016-03-29,76.04
lemuel_mosciski@hane.net,2015-08-30,25.59
price_ryan@zemlak.net,2016-05-08,29.93
mikel_terry@rosenbaumbergstrom.info,2016-02-23,37.26
giovani@kilbacklakin.info,2016-04-24,70.85
gregory_thompson@mclaughlin.net,2016-04-29,12.48
ladarius@monahanschaefer.io,2015-08-09,99.17
henry@ziemann.com,2015-08-13,23.86
janick@damore.com,2016-02-07,60.18
jordon@oconner.org,2015-09-21,73.78
kayleigh.dach@jacobs.io,2015-06-03,14.56
keaton@gerlachtowne.org,2016-04-02,34.64
kylie_walsh@jacobs.co,2016-03-23,68.71
lisette@kunde.org,2015-06-30,27.02
willow@prosacco.info,2016-04-08,27.57
oleta_stamm@gislasonwolf.com,2015-08-02,81.94
sylvan@wardhand.net,2015-05-18,47.84
delphine_wintheiser@olsoncorkery.name,2015-10-22,68.25
gretchen.walker@purdy.org,2016-05-10,89.24
alberto.gibson@ruelabbott.name,2015-09-27,44.65
claria@lebsack.org,2015-11-07,37.13
lia@hellerquigley.net,2016-02-27,74.17
americo.kuphal@grady.net,2015-11-09,10.17
ova@daniel.com,2016-04-24,28.11
emely@pacochawest.io,2016-01-04,72.56
ben_yost@jones.name,2015-12-05,60.95
aurore.pfannerstill@breitenberg.co,2016-01-25,23.41
janie.reichert@schmelerkuvalis.net,2015-11-18,27.35
breana_gibson@boylecartwright.name,2015-10-27,92.15
akeem@feeney.com,2015-09-05,36.05
shanon@greenfelder.co,2016-02-25,42.67
dwight@abbottreichert.io,2015-08-14,56.87
zetta_wyman@littel.io,2016-05-10,85.53
sigurd_connelly@ruecker.io,2016-03-06,71.39
deangelo@mayert.info,2015-12-07,65.72
soledad@runtegaylord.net,2016-03-04,66.28
joannie@sawayn.net,2016-05-10,87.29
paula@colerempel.biz,2015-12-04,86.61
stefan_king@fahey.io,2015-10-08,79.16
noelia@stroman.biz,2016-05-12,95.47
rita@murphy.info,2015-11-11,40.89
jimmie@casperkaulke.co,2016-02-26,73.31
omer@ortiz.co,2016-02-09,48.87
german_boyle@murray.info,2015-08-23,35.74
marlon@breitenberg.biz,2015-05-25,76.39
tate_hauck@swiftblick.info,2015-09-29,29.58
susan.beahan@kulas.io,2016-05-07,13.81
marty@hane.name,2015-10-24,28.61
tristian.mosciski@fahey.net,2015-11-15,68.13
justen@cormier.io,2016-03-22,85.24
dave.corkery@emard.co,2015-06-13,35.63
heather_leannon@cole.info,2016-04-08,14.55
erika@bogan.name,2015-08-10,95.74
chaim_eichmann@ondricka.biz,2015-12-11,67.23
rudy_breitenberg@kerluke.com,2016-03-24,55.25
miracle@kozey.name,2015-06-22,43.87
noe_borer@schambergerfeeney.info,2016-03-24,47.78
preston@lemkegleichner.org,2015-06-05,85.51
arnaldo.kuhn@bernhard.io,2015-09-28,55.48
khalil@quitzonhickle.name,2015-08-26,60.86
julius@lowe.net,2015-08-18,27.07
cornell@leannon.org,2015-08-01,73.59
iva@johnston.net,2015-06-21,89.54
aylin.mckenzie@champlin.net,2015-07-09,39.05
lenna.bernier@hills.name,2016-04-04,80.93
velma_feest@lowe.biz,2016-02-25,91.65
mertie@connellydamore.name,2016-01-06,49.88
ollie@streich.org,2015-08-04,83.32
maureen_kirlin@okonkuhlman.info,2015-12-07,57.18
ada@huel.org,2015-10-28,78.42
ethelyn@ankunding.info,2015-07-17,11.51
nicole@ondrickaschmitt.biz,2015-08-13,52.61
bradly@dicki.io,2016-01-06,69.74
ethyl_prohaska@morarpfeffer.io,2016-01-28,30.78
isobel@aufderharbeatty.org,2015-10-21,11.58
hermina@hilpert.co,2015-09-27,50.58
joseph@sipes.net,2016-03-06,32.36
mattie@schuppe.net,2015-12-29,54.19
lucy@swaniawski.org,2015-11-02,75.18
clara.padberg@dubuque.io,2015-09-29,79.43
kane_collins@herzog.com,2016-02-08,70.74
monique_hoeger@satterfield.com,2016-04-29,58.81
torrey.gulgowski@dach.org,2016-03-04,52.58
dannie_kuvalis@block.info,2015-06-28,86.32
sabina.luettgen@bartell.com,2016-04-18,71.52
fidel.schneider@leffler.name,2015-08-14,71.08
roel@fahey.io,2015-06-30,65.85
tamia@batz.name,2015-10-13,55.97
kelsie@lindgren.info,2016-03-30,64.67
gunner@breitenbergwolff.name,2016-01-25,23.78
everette_gusikowski@roberts.info,2016-05-06,53.69
viva.schinner@stanton.info,2015-07-05,27.67
zander@swaniawski.net,2016-05-12,53.33
rhoda.gottlieb@murazik.net,2015-07-30,84.15
adam@prohaska.org,2016-03-24,17.33
ernesto_hudson@reichertcarter.io,2016-01-29,45.57
corrine_feest@jakubowski.org,2016-04-04,18.95
larry.collier@anderson.net,2015-12-13,34.68
amanda_johnson@friesen.biz,2015-12-02,22.79
lewis@hammes.org,2015-08-19,37.53
viola_upton@zieme.io,2015-11-04,59.85
iliana@rice.org,2015-05-31,19.48
lexie@considine.net,2016-01-12,66.65
domingo.mcglynn@paucekmacejkovic.name,2016-02-15,13.66
dixie.leffler@nicolas.net,2015-10-11,70.27
caterina@jaskolskiritchie.biz,2015-05-22,45.48
clemmie@nikolaus.biz,2015-10-14,97.75
janie.ohara@kub.org,2015-10-09,45.34
ruthe@williamson.com,2016-01-23,11.65
delia_stamm@weberkuphal.org,2015-08-27,47.32
aurelio_zulauf@rowe.net,2015-09-24,68.97
judy.moriette@heaney.com,2015-10-19,80.95
lionel.gottlieb@ortiz.net,2015-05-29,87.97
annabelle@kerluke.org,2016-04-26,82.89
isobel@welchgutkowski.biz,2015-11-02,42.46
madeline@thiel.org,2015-09-09,95.55
rowland@schoenferry.name,2016-05-11,45.14
dante@aufderhar.io,2015-05-30,92.62
urban.robel@crist.com,2015-11-20,35.58
louie@oberbrunnerbahringer.info,2016-04-03,18.83
josh_williamson@flatleystokes.com,2016-04-19,98.97
estel@reynolds.com,2015-06-07,38.35
kristy@yost.info,2015-07-10,80.62
charlie@moen.biz,2015-10-21,72.26
preston_king@crooks.io,2015-06-13,10.84
betsy@krajcikharber.net,2016-03-26,47.56
nicolette@ondrickalowe.io,2015-08-11,12.89
caitlyn@kuhlmantorp.net,2016-01-24,26.42
jay.huel@mayer.co,2015-10-23,51.81
adrienne_turcotte@nolanzemlak.info,2015-08-18,87.34
emely.hayes@ward.io,2015-12-17,81.95
kristy@thiel.com,2015-07-27,86.64
seamus@rodriguezbeatty.com,2015-09-09,13.35
junius_erdman@gibson.io,2016-04-15,66.52
wendy@fadel.com,2015-08-23,16.65
mark_west@hayeskiehn.com,2015-08-12,51.26
zane.hahn@komosciski.io,2015-10-22,90.45
sean@feeneyhegmann.name,2015-09-16,79.89
zachary.rogahn@brown.net,2015-07-06,12.29
jerome.reichert@durgan.net,2015-09-28,47.06
dale_ritchie@brekke.biz,2015-06-02,69.53
destany.dooley@feeney.name,2016-02-02,29.69
ashleigh@muellerschamberger.name,2015-10-23,15.92
clay@jacobs.info,2016-03-29,34.54
devin_jacobi@macgyver.org,2015-09-14,70.99
freda@cartwrightoberbrunner.biz,2016-03-09,84.08
adeline.schowalter@haag.com,2016-01-27,59.51
garnet_tremblay@heidenreich.com,2015-10-28,24.21
amy@cummerata.info,2016-04-10,85.69
stuart_turner@pacochawilkinson.info,2015-08-18,25.86
beryl@walsh.name,2016-02-21,60.35
haan@ratkeullrich.net,2015-08-14,38.57
megane.hahn@langworth.info,2015-10-30,66.51
margot@starkbogisich.org,2016-01-05,70.95
caroline.nolan@jaskolskihilll.io,2016-03-23,25.88
nova_walter@goodwin.info,2015-09-09,43.42
madisen@connkonopelski.org,2015-11-27,63.12
dave@boyerparker.co,2016-03-16,92.09
kamille.little@zulauf.net,2016-01-25,42.42
mallie_willms@metz.org,2015-09-22,55.49
tyra_kozey@harveyswift.net,2016-04-12,93.14
bridie@kovacek.net,2015-11-16,31.37
patience@gaylord.biz,2016-02-28,44.35
jed.nader@mante.com,2016-01-20,56.62
lue.vonrueden@torphywaters.info,2015-08-04,87.53
santos_kulas@waters.net,2015-08-01,11.98
louisa@reicherthayes.biz,2015-05-29,59.57
jolie_weimann@bashirian.biz,2015-09-26,41.15
riley.auer@klein.net,2015-10-04,28.69
judah_oreilly@mcclure.org,2015-06-04,26.11
evans@lehnereichmann.info,2015-11-08,76.79
hipolito@monahansmith.com,2015-06-01,71.98
colby@kihn.org,2016-04-19,34.01
charlie_gorczany@kohler.name,2016-03-15,68.21
wanda@leuschkeabbott.biz,2015-06-29,97.04
caroline_stroman@koepp.net,2016-04-11,90.06
lue@balistreri.net,2015-11-15,93.37
gayle.mayer@hirthe.co,2015-06-10,85.56
william.bode@howellschowalter.io,2015-08-25,77.37
dejon@corwin.info,2015-10-13,83.08
tyrese.ziemann@bergstrom.co,2015-09-10,98.63
lilyan@satterfield.biz,2016-01-20,28.05
arno@buckridge.io,2016-02-15,92.64
enoch@grant.biz,2015-07-04,84.96
rachelle@trantow.biz,2015-07-29,89.78
raheem@loweparker.biz,2015-10-26,89.22
cristal@rath.net,2015-12-02,47.88
lia@schmitt.net,2016-02-21,79.69
makayla_ryan@ullrichleannon.io,2015-05-23,22.74
caandra@rosenbaum.name,2015-06-22,51.05
janis.herzog@bartell.co,2016-03-18,59.63
charles@haag.io,2015-11-13,12.97
georgette_huel@pfannerstillhintz.biz,2015-11-18,74.57
rex@hilpertpredovic.org,2015-11-03,25.54
salvador@haleyjacobs.com,2015-12-26,24.54
hilda@monahan.co,2015-08-06,51.64
clifford@flatleygibson.com,2015-06-04,70.12
lauretta_schmidt@wisozkjerde.info,2015-05-25,12.91
marley.little@legros.info,2015-06-03,93.79
clement.wilkinson@bergstrom.biz,2015-10-29,50.81
olen_wunsch@king.name,2016-03-09,77.15
kale@hickle.biz,2016-02-29,69.94
moises@rodriguezmann.co,2016-02-27,73.51
royal@reinger.name,2016-04-19,29.32
rachel@hahnbechtelar.biz,2015-08-11,45.77
yadira.crist@mckenzie.com,2015-08-06,12.99
constantin@larkin.biz,2015-09-04,55.93
sally.swift@runolfon.io,2015-07-16,13.17
olga_okuneva@beier.co,2015-08-05,63.26
cade@kutch.io,2015-12-12,18.32
dee.kris@sanfordpollich.biz,2015-08-29,42.81
armand@schaeferquigley.name,2015-08-27,12.79
deonte@dickinsondibbert.net,2016-02-07,54.65
julianne@colenolan.org,2016-01-16,79.56
caidy@anderson.name,2015-12-17,77.32
aiyana.koelpin@wizaconsidine.name,2015-12-01,91.44
ahmed.ohara@ortiz.name,2015-05-27,56.45
edison@streich.com,2016-04-25,20.12
abdullah@stanton.io,2015-09-22,84.94
favian@morarjakubowski.io,2015-06-04,79.05
kyleigh.greenfelder@quitzon.info,2015-12-26,58.07
mohammad@reichel.io,2015-06-29,62.17
lavern.jaskolski@boyer.biz,2016-03-27,12.84
jeanne_emmerich@sanford.org,2015-08-19,76.74
coy_tromp@batz.name,2015-08-10,63.44
clotilde_bruen@wunschmertz.com,2015-06-06,84.39
emma_friesen@hettinger.biz,2015-06-22,91.59
fae.feeney@donnelly.biz,2015-05-22,80.21
harvey@hodkiewicz.info,2015-05-31,84.86
aleandra@bednarzulauf.biz,2016-04-15,85.98
eleazar@lueilwitz.io,2015-11-03,21.69
gloria@volkman.name,2015-12-02,42.62
virginia@ritchie.info,2015-06-21,55.88
ella_becker@haley.com,2016-01-02,62.19
harley_mckenzie@beer.com,2016-01-03,47.27
lazaro_schiller@olson.info,2015-07-17,27.34
luella@corwin.org,2016-03-12,71.54
rocky_ullrich@gaylordtremblay.name,2016-03-22,54.81
gonzalo_hodkiewicz@kemmer.co,2016-05-07,98.85
laurie@mckenzie.org,2016-02-20,91.53
frederik@douglatokes.io,2015-06-20,26.49
shana.auer@hagenes.biz,2015-11-18,29.75
athena@flatley.net,2016-04-30,23.74
wade_maggio@konopelski.net,2016-03-13,72.77
flavie_bartoletti@kohlerbernier.com,2015-10-05,23.77
garnet.emard@daniel.net,2015-12-06,82.31
liliane@rippingrady.biz,2016-04-21,13.43
athena.orn@homenick.biz,2015-10-12,33.84
garfield_oconner@bartoletti.net,2015-09-07,44.53
shaun_batz@sengerkulas.com,2015-09-05,36.16
meda@mitchell.io,2016-03-08,74.16
jaida.bernhard@kulas.org,2016-02-13,10.38
stewart@terry.name,2016-04-22,80.23
johnathan@fadel.co,2016-01-04,95.06
karianne.gibson@okeefeconsidine.io,2015-10-06,56.64
vincenzo.kutch@hammesdubuque.com,2016-05-06,94.24
tremaine@von.name,2015-12-01,58.55
helga@faywalter.org,2016-01-29,69.79
julius.hackett@hillshaley.name,2015-10-15,65.27
juliet@schuster.com,2015-06-06,15.84
johnson@kirlinhudson.net,2016-05-07,95.27
edythe_ziemann@jenkins.net,2016-03-14,74.63
zackary_swift@heaneyluettgen.net,2015-12-27,42.91
virgie_gusikowski@okunevastanton.com,2015-12-28,20.97
camilla@gaylordreichel.io,2015-12-09,14.26
lia@aufderharlynch.net,2015-09-28,85.93
leta@deckow.name,2016-04-30,84.61
jared@joneslueilwitz.name,2016-04-30,73.69
mackenzie_doyle@koch.co,2016-03-16,19.89
bernadine.shanahan@west.co,2015-08-19,78.18
theron_heidenreich@morarnader.com,2016-05-10,46.34
guillermo@littel.name,2016-03-15,82.08
madonna@jacobson.com,2015-09-12,25.57
ezra@braun.co,2015-11-13,22.15
ludie@will.org,2016-01-01,23.64
burley.champlin@stokesauer.name,2015-06-26,80.08
eldora.ferry@walker.org,2016-05-13,24.02
else_roob@lynch.org,2015-09-01,28.98
reid@macejkovic.name,2016-03-04,27.82
alison_oconnell@treutel.co,2016-03-01,17.48
ayden@turcotteswaniawski.name,2016-01-05,73.67
rachel_gaylord@kreigerfritsch.biz,2015-10-19,22.91
kristina.johnston@hoeger.name,2015-06-02,26.74
tyshawn.block@lehner.co,2015-12-16,40.18
karolann.hackett@heathcote.io,2015-05-29,95.36
mckenzie_ratke@schamberger.biz,2015-07-05,83.76
rita@bartoletti.com,2015-07-12,11.93
agnes_keeling@medhurstglover.info,2015-08-23,92.48
enola@jones.biz,2016-04-11,79.88
clementine@rodriguez.info,2015-05-21,17.04
fatima.johnston@kerluke.co,2016-01-28,88.85
blanca@sipes.name,2015-07-28,52.38
verlie.koepp@dachkeler.co,2016-04-13,10.23
zachery@hudsonleffler.com,2016-04-17,68.23
precious@funk.co,2015-08-11,93.74
yasmine@parisianbailey.biz,2015-10-25,61.64
barrett_krajcik@cronin.info,2016-05-10,63.43
jeanie@schultz.org,2015-11-14,61.21
larry@torphy.io,2016-01-31,89.86
maudie@bernier.com,2016-02-23,64.76
evie@botsfordlarkin.co,2016-02-19,46.97
carlotta.lubowitz@hyatt.io,2015-12-05,48.88
billy_dietrich@okeefe.net,2015-11-30,53.29
june@ruel.biz,2016-04-20,41.77
martina@schmitt.io,2015-12-15,38.81
antonina.jenkins@ziemequitzon.io,2015-12-24,23.53
chyna_denesik@torphy.name,2016-02-20,56.68
freddy_ratke@powlowskischroeder.info,2015-10-10,22.26
richard@klocko.biz,2015-06-21,98.18
salvatore@feil.biz,2015-06-17,92.37
mazie.vonrueden@raynor.com,2016-03-12,41.08
ru.mitchell@kaulkeabernathy.io,2015-08-08,39.19
jacey.lowe@nicolas.biz,2015-07-19,12.57
micheal@lemke.co,2016-01-22,78.85
jermain@collinsbauch.name,2015-12-31,62.27
amparo.pfeffer@macgyver.co,2015-05-22,27.51
astrid@gottlieb.info,2015-11-21,57.56
violette_dach@dibbert.io,2015-09-09,57.16
adonis@kunze.co,2015-05-26,56.51
herminio@grimes.info,2015-09-04,43.16
delmer@koch.biz,2016-05-01,90.33
barrett_muller@trantow.info,2016-04-21,60.93
barbara@moen.io,2016-03-25,21.35
gonzalo@monahanbaumbach.io,2015-12-28,67.19
celia@sporerhegmann.biz,2015-07-08,85.85
benton.paucek@hilpert.io,2016-04-24,78.54
queen@hermannromaguera.io,2015-07-26,33.45
norma.west@bradtke.co,2016-04-26,21.22
alec_cummings@wildermanmurazik.co,2016-04-02,59.35
renee_pfannerstill@heller.org,2016-03-31,68.05
sidney@boreraufderhar.io,2015-12-12,31.29
idella@kleindenesik.biz,2015-08-12,99.37
celine_goyette@koelpin.biz,2015-11-10,21.03
caitlyn@huel.net,2015-05-19,83.81
timmy@muller.org,2016-03-12,85.45
jacky@konopelski.org,2015-10-18,13.26
ruel.halvorson@walsh.name,2015-10-13,13.16
tierra_fadel@swaniawskijaskolski.name,2015-10-04,50.97
giovanna@boehm.com,2015-05-19,40.76
shemar_reinger@wehnermarvin.co,2015-10-24,26.15
jee@howellklein.org,2015-07-19,40.61
aurore@adams.org,2015-07-23,60.42
carlee@parkertorphy.name,2015-11-15,39.44
lucas@wilderman.biz,2015-06-30,15.11
jacques@maggiofritsch.name,2016-03-26,81.51
minnie@hilpert.net,2015-11-19,32.21
wilburn_lemke@halvorson.biz,2015-11-26,38.58
shaylee.schultz@beierstreich.name,2015-08-09,86.13
anabel@kuhicschulist.org,2016-02-03,23.66
terence@trantowfranecki.net,2016-04-11,53.89
rylee_kreiger@raynor.io,2016-05-09,35.31
oliver@bradtke.io,2015-07-30,29.08
casey.murphy@krajcik.io,2016-03-27,87.05
kamille@lakinkuphal.org,2015-09-29,96.45
earnest@witting.biz,2016-05-07,71.88
gayle.torp@ondricka.com,2015-10-14,56.37
robbie_robel@roberts.name,2015-12-13,20.91
martin@anderson.com,2016-05-13,28.44
lorenza@harvey.org,2015-12-31,92.29
vivian@bednar.name,2015-08-30,69.19
hilario@wisozkwaelchi.info,2015-05-24,10.65
trever@schaeferrowe.com,2016-02-06,52.36
leo.herzog@cronin.net,2015-07-13,51.02
zelma@wehner.io,2015-06-21,24.32
rhiannon@ferry.org,2015-05-19,44.54
kacey@fritsch.name,2015-05-18,22.46
maverick_schaefer@ruecker.name,2016-02-12,66.89
terrence_mcglynn@rippinrobel.io,2015-12-09,67.01
abe@beatty.org,2015-12-18,24.85
dewitt@hegmann.net,2016-02-24,54.87
drake@langosh.info,2015-05-26,23.09
augustus.kling@reichert.co,2015-11-07,86.52
quinten@parisian.co,2015-11-02,72.07
roger_lemke@mullerledner.net,2015-09-29,89.85
milan@strosin.biz,2016-02-26,18.62
violet@ortiz.io,2016-03-05,39.07
samara@turnerbecker.name,2015-10-25,86.16
ada@blockbashirian.com,2016-04-06,64.54
rosalia@stracke.org,2015-09-13,12.67
jordane@sipesboehm.biz,2015-11-14,79.69
aileen@stracke.info,2016-03-18,67.24
lela@spencerkoelpin.biz,2016-01-15,24.76
reyes.harris@yost.io,2015-08-30,58.13
coy_boehm@kuhic.org,2015-11-29,58.68
mavis_satterfield@parker.biz,2016-04-27,42.54
david@williamson.info,2015-07-21,31.88
claudia@denesikcollins.info,2016-05-11,24.42
burley@goyette.name,2016-02-16,73.64
lane.rolfson@bergnaum.org,2015-12-04,93.54
camren@kihn.name,2016-02-26,17.31
michel@okeefeparker.biz,2015-07-26,49.01
mae@olson.com,2015-09-14,69.86
earline_beatty@gislason.info,2015-06-09,58.72
madelyn@reinger.org,2015-12-02,21.19
percy@davisturcotte.io,2016-02-28,37.24
maudie@kautzer.io,2015-08-26,37.67
eveline@bergnaumbergnaum.io,2015-12-09,78.76
mabelle.crona@mosciskiwill.org,2015-12-05,99.15
frieda_stehr@kozey.io,2015-10-14,10.81
odell_wiza@brekkedenesik.co,2015-05-28,90.85
kaylah@hickle.com,2016-01-16,22.14
carter@schoen.biz,2016-04-28,50.65
kaleigh.will@raynor.io,2016-02-22,42.21
patrick@will.com,2015-11-19,81.43
jeica_moriette@farrell.name,2015-07-23,88.64
sallie@littelkrajcik.org,2016-01-24,57.14
katrine@ko.name,2015-09-08,19.69
thea_conn@treutelkreiger.net,2015-12-22,93.76
casimer_haag@pfeffer.com,2015-09-16,34.06
lisandro@parker.net,2016-01-17,79.55
dovie_bogan@schultz.com,2016-02-16,49.41
iliana.bayer@hammes.biz,2015-07-03,16.71
jamil_macgyver@feeneydurgan.org,2016-04-16,49.73
adriel@gloverrolfson.biz,2015-11-17,14.78
trudie@treutel.io,2015-05-18,10.11
sibyl@crooks.co,2015-08-23,91.19
brandi@pagacfadel.info,2015-06-23,71.22
julien@herman.io,2016-01-02,82.42
reilly@welchlubowitz.co,2016-01-22,57.74
kacie.kohler@schowalterlangosh.info,2015-07-26,81.64
evan@mraz.com,2015-11-15,31.53
richie_kautzer@stark.co,2016-02-29,26.13
viola@fritschledner.biz,2016-04-11,51.63
eveline.howe@carroll.io,2016-04-05,92.42
rey@coletreutel.info,2015-10-06,91.92
evie@mclaughlinsmith.io,2016-01-19,63.66
mandy.ko@jenkins.co,2015-07-03,48.63
demetrius@stiedemann.net,2015-07-21,23.22
ida@emardstokes.io,2016-02-18,81.57
arjun@effertz.name,2015-08-24,11.34
sid@cole.org,2016-03-13,25.29
vicenta.schultz@yosttromp.net,2016-01-17,89.44
bridie.eichmann@thompson.info,2015-07-01,42.85
annalise.ko@watsica.biz,2016-01-20,74.13
maurine@gislasonharris.co,2015-06-18,53.79
novella.schmeler@hamillnitzsche.name,2015-09-08,23.95
estrella@raynor.co,2016-03-24,65.77
augusta@kling.co,2015-07-04,74.29
tristian@streichmuller.co,2016-02-03,23.31
ludie_wyman@reichertdickens.com,2015-06-30,14.09
timothy@skiles.biz,2016-04-12,85.15
river@gulgowski.biz,2016-01-28,93.74
emmy.romaguera@torphysipes.info,2016-05-15,40.18
yeenia.dare@schneiderdonnelly.info,2016-04-23,91.95
reanna_pfeffer@gottliebdaugherty.info,2015-09-08,24.01
schuyler.kautzer@wunsch.net,2016-02-27,71.52
valentine_braun@kaulkekulas.io,2016-03-30,53.72
citlalli@borerdooley.biz,2015-05-24,13.47
mauricio_yost@beahan.info,2016-05-01,60.25
lazaro@bergnaum.com,2015-07-17,10.52
gunner_fritsch@kuvalis.io,2015-07-26,35.81
christopher@graham.biz,2016-04-01,92.89
jasmin_oconner@schummgreenholt.info,2015-07-31,59.76
caleigh@hoppe.com,2015-07-13,33.64
aiyana_bauch@greenfeldergleichner.com,2015-07-06,96.61
carol.mueller@wisoky.co,2015-08-04,12.75
jacynthe_johns@halvorson.net,2015-06-14,64.73
karli@denesik.info,2015-06-29,42.82
dave.senger@kiehnfriesen.co,2015-09-29,93.96
ona@corwin.co,2016-02-25,77.46
solon@heathcote.name,2015-12-03,43.17
ernestine@heathcote.info,2015-06-04,40.92
angus.streich@thompson.org,2015-06-08,63.09
montana@luettgen.org,2015-11-30,79.36
matilda@cartwright.biz,2015-07-19,58.01
ned_kilback@stiedemann.biz,2015-08-23,69.35
erling.turner@senger.info,2016-04-18,67.28
abbie@greenholt.io,2015-07-19,34.43
manuela.gusikowski@tromp.org,2015-10-04,21.38
madalyn.kautzer@lemke.biz,2015-07-20,42.02
roberta@sporerbalistreri.name,2016-03-30,85.85
jeffery.ryan@kerluke.com,2015-07-06,78.42
monica@schumm.io,2016-04-16,27.66
nina.collier@bergstromklein.co,2015-05-27,10.15
leo@blandareynolds.com,2016-03-28,71.05
gust.breitenberg@purdykozey.name,2015-08-10,87.67
janet@hellerrunte.name,2015-06-09,38.78
mohammad@nikolaus.biz,2015-09-11,15.42
josianne@hayesrice.net,2015-08-06,25.93
deja@mccullough.io,2016-02-17,30.14
joel@turcottehane.org,2015-09-29,31.14
linda@dooley.biz,2016-04-27,29.12
cleo@schultz.net,2016-01-01,20.43
edythe@shanahan.io,2015-08-05,71.31
edward@swaniawski.org,2016-04-18,44.86
clare_bednar@waelchi.io,2015-10-15,58.26
margarett.jones@lynch.name,2015-07-19,92.12
dayton_yost@bradtke.com,2016-02-14,91.12
brisa@hagenes.name,2015-11-18,31.31
danika_koepp@keeling.com,2015-12-22,90.57
allan@boehmgulgowski.name,2015-06-24,63.72
elise@lebsack.co,2016-01-29,75.15
hilario.altenwerth@oreilly.io,2016-03-29,39.51
joe@robel.io,2016-04-12,68.42
braxton_baumbach@strosin.biz,2016-02-01,37.06
osborne_yundt@jenkins.info,2015-11-25,42.26
annette.dickinson@bartellstehr.info,2015-10-17,15.72
kaci_ebert@abbottparker.io,2015-09-13,98.95
tito_robel@haley.name,2015-11-04,28.07
jean@swiftkunze.com,2016-04-08,60.93
llewellyn@friesen.co,2015-08-09,42.94
jillian@beier.co,2015-06-25,97.05
leo@sengerbosco.net,2016-01-07,40.61
shane@wiza.net,2015-08-02,62.69
audra@schneiderlang.com,2015-07-07,36.12
darrick_larkin@flatley.info,2015-10-17,56.62
deangelo@schultzklein.io,2015-05-29,80.45
albert@greenholtboehm.io,2015-11-22,78.68
madyson@ortizrodriguez.io,2015-09-14,44.73
eulalia_mayer@weinatondricka.info,2016-01-24,99.59
norbert@thompsongreen.com,2015-07-29,11.54
kenneth@deckow.biz,2016-04-15,35.63
litzy@lubowitzwyman.name,2015-11-08,71.21
aric.hyatt@mayert.org,2015-09-14,38.03
conner@dooley.biz,2015-10-26,69.25
magdalen@doyle.net,2015-10-17,33.73
natasha_hansen@robeldamore.biz,2015-09-29,65.91
rachel_padberg@deckow.com,2016-01-28,55.15
shakira@mertz.name,2015-10-15,53.15
herta@kutch.co,2015-08-12,40.24
mortimer.rowe@simonis.co,2015-09-09,25.73
lia@huellarkin.info,2016-01-12,81.68
berry_hermiston@klingschultz.org,2015-12-30,91.29
lucienne@huels.name,2015-06-25,15.71
karl@kertzmannherzog.biz,2015-10-26,57.51
reymundo_schumm@king.com,2016-01-07,52.55
lila_berge@feil.name,2016-02-10,99.52
opal@halvorson.co,2015-10-03,39.66
darrel@bailey.org,2015-11-01,61.01
dagmar@leuschke.org,2015-12-17,47.63
devyn.bashirian@kundekuphal.name,2015-09-05,69.89
ivory.mcdermott@kuphalfunk.org,2016-03-17,62.49
dawson@braunupton.biz,2016-03-09,10.87
coty_grant@fayorn.biz,2015-12-22,40.68
jaiden@terrycummerata.io,2015-12-30,86.13
adolf@metz.co,2015-09-10,18.87
toy@block.net,2016-01-02,57.59
josefina@dietrich.org,2015-05-21,38.15
marshall_towne@hayeshansen.net,2016-05-06,32.73
tony.fahey@kochluettgen.name,2015-08-06,76.52
ladarius.mueller@sanford.io,2016-01-06,31.59
kevin@ernser.org,2015-12-26,21.02
kara_jacobs@becker.org,2016-04-26,42.68
pete_schuppe@haaghand.org,2016-01-16,86.51
lia.ebert@wunsch.co,2015-06-30,96.16
scotty.kovacek@veum.name,2015-10-03,16.57
shirley_schneider@wisozkko.name,2015-09-08,57.56
braxton_bashirian@lubowitz.io,2016-01-13,80.92
peyton.goyette@steubermurazik.biz,2016-02-18,53.29
catherine@vandervort.co,2015-09-26,46.43
dante.botsford@cremin.biz,2016-03-24,63.57
lulu.renner@kemmer.com,2015-09-13,20.38
devante@zboncak.info,2015-06-22,28.22
lela.waelchi@hand.biz,2015-11-25,11.53
jenifer@will.io,2015-07-08,98.35
jalen@hartmannsteuber.io,2015-07-17,82.87
lulu.jenkins@hettinger.info,2015-09-22,91.62
maxine@pacocha.co,2016-04-05,91.13
dylan.upton@grant.com,2016-05-04,98.51
tyree.botsford@dubuque.co,2016-04-12,74.73
garland@bergstrom.net,2015-11-18,43.81
jaquan@corkerycrona.co,2016-01-21,27.82
antonio.maggio@cole.name,2015-05-22,28.18
vivianne.ondricka@schmeler.biz,2015-09-08,96.11
jayce@turnercruickshank.com,2015-09-10,64.03
vicenta@miller.info,2015-12-09,86.96
amanda.johnson@raynor.info,2016-04-27,86.15
henriette_will@rueckerjast.co,2015-06-11,35.55
lucinda_pfeffer@marks.com,2016-01-29,19.65
lucio_abernathy@cartergulgowski.name,2016-03-17,69.38
jack_bergnaum@barton.name,2016-01-29,20.05
terrance.brown@auer.biz,2015-12-16,67.19
joyce.ohara@jerderodriguez.org,2015-06-19,48.67
jaime_adams@ryanritchie.org,2015-10-02,45.75
geraldine_huel@oberbrunnerhyatt.com,2015-08-04,78.82
francis@eichmann.org,2015-05-23,14.86
samson.keler@beierwaelchi.com,2015-07-09,39.77
gerson@murray.io,2015-09-21,56.61
jermaine@lakinlebsack.org,2015-12-30,36.52
rosamond@tillmanbayer.info,2015-05-18,12.72
darby_gutmann@lueilwitz.org,2015-08-21,53.96
julianne_okon@waelchi.io,2015-12-02,26.25
markus@ratkecain.com,2016-01-17,90.39
estel.wunsch@kohlerhaag.co,2015-09-05,81.37
shaylee_schmidt@caspermuller.org,2015-06-13,51.01
johanna.powlowski@brown.biz,2015-09-02,56.22
brent@krajcik.net,2015-08-30,26.84
maria@corkery.co,2015-11-23,42.95
marta_muller@luettgen.biz,2016-03-16,36.82
jerome.wyman@smith.com,2015-10-09,32.57
cornell.lesch@pouros.org,2015-08-17,13.35
alize@donnelly.org,2015-09-29,56.04
jasper.zemlak@rathhagenes.org,2016-01-05,82.72
yvette@breitenbergleannon.co,2016-04-08,41.55
ole@conroy.net,2016-01-10,82.28
reyes@weber.biz,2016-03-01,78.56
nia@lockman.co,2015-10-27,26.61
melany.konopelski@heathcote.org,2015-05-26,38.53
kimberly.smitham@pfeffer.net,2016-05-04,53.88
candice.ohara@smithamrice.biz,2015-09-06,95.87
erwin.schmitt@dare.net,2015-07-20,85.34
everardo@pourosmraz.org,2015-06-18,50.85
della@crist.io,2016-02-16,67.52
kendall@reingerkuvalis.co,2015-10-29,16.27
erick_mante@rueckertorp.biz,2015-12-13,50.63
mckenzie_prohaska@grimes.co,2015-10-16,84.86
jamir@morar.info,2016-01-26,22.79
agnes@anderson.com,2016-01-05,24.18
virgie@kris.io,2016-02-26,34.23
david@schmidt.org,2016-03-05,62.03
rosina_huels@durganheel.org,2015-05-30,43.36
anibal@ratke.com,2016-03-23,34.32
gaetano@blickcummings.io,2015-08-17,27.07
dejuan.mante@schmitt.biz,2015-06-08,48.24
dejah@kunde.info,2015-12-25,47.74
tatum@mills.net,2016-01-29,16.98
cecile.cain@block.info,2015-06-06,92.77
shania.grimes@bednarferry.biz,2015-06-23,71.92
sarai@andersonshields.org,2016-01-13,47.13
millie@leuschke.org,2015-07-21,11.93
delpha@morarbosco.io,2015-12-12,42.13
bobby.bednar@kemmer.com,2015-09-20,73.08
lura.spencer@medhurst.co,2016-01-17,92.41
jeanie@emmerich.biz,2015-09-13,60.14
terry@fay.info,2015-12-21,39.68
chloe@rohan.org,2015-06-06,61.06
dallin@rogahn.co,2015-07-09,75.97
kailee@beierbatz.io,2015-11-16,49.87
cruz@mohrreinger.com,2016-04-22,26.36
silas@erdmangleichner.biz,2016-04-08,73.62
devon_brekke@willmsdeckow.co,2015-05-24,38.76
marge@schmelerkuhn.info,2016-04-29,84.15
rafael_smith@okongraham.co,2016-04-11,47.33
clementina.kilback@zboncak.net,2015-09-19,22.48
magnus@senger.name,2015-12-21,55.98
sadye_hilll@ullrichdenesik.com,2016-03-09,46.43
delta_ward@oberbrunner.biz,2015-07-08,99.53
leonard@raynorschaefer.io,2015-07-19,77.76
vicente@prohaska.com,2015-10-11,15.09
nova@metz.io,2015-11-11,93.88
dexter@ledner.name,2015-12-13,19.58
zechariah@barton.co,2015-06-17,78.29
estefania@rosenbaum.biz,2016-02-28,54.72
zita_waters@ward.biz,2016-03-17,28.27
keaton@lynch.net,2015-07-19,25.41
prudence_oconnell@bayer.co,2015-06-26,28.69
tommie_greenfelder@daugherty.biz,2016-05-10,86.71
skye@jones.net,2015-05-22,43.05
adeline_kutch@bayermurazik.org,2015-07-15,30.32
deion.windler@boylelittel.org,2016-05-01,64.68
jarrod@marquardthand.net,2016-01-07,47.62
claude@ziemann.co,2016-01-21,96.13
wilhelm.glover@kirlinfisher.biz,2015-12-27,41.83
janae@lakinortiz.name,2016-03-14,21.71
adolph@gaylordschaden.com,2015-08-23,37.48
dariana.crooks@wisoky.net,2015-11-14,28.31
lambert_mcglynn@bauch.org,2015-11-03,50.54
jennyfer.auer@fahey.biz,2015-07-21,85.38
lawson.yost@keebler.biz,2016-05-02,79.92
luther.damore@braun.org,2015-06-08,89.16
ardith.lehner@marvin.co,2016-01-13,75.16
lucy.gerhold@gusikowskibarton.co,2015-07-18,49.03
erich@walker.net,2015-12-22,88.05
garrett@collierferry.com,2015-08-10,48.47
anais.cole@pourosbradtke.io,2016-04-01,74.28
christophe@carrollzemlak.org,2016-05-10,22.65
matilda_keebler@mosciskiwilderman.net,2015-06-07,68.19
maybelle.hintz@millswatsica.co,2015-08-07,59.13
eulah@rauheel.biz,2015-10-08,84.91
antonia@quigleyframi.org,2015-07-07,92.44
amira.heaney@rohan.biz,2015-08-08,24.71
scottie@romaguera.biz,2016-04-11,80.57
laila_volkman@labadiecain.com,2015-06-22,14.02
clara.zulauf@witting.name,2016-02-03,98.69
cletus@quigley.org,2016-03-12,61.16
erwin@satterfield.org,2016-03-07,64.94
carolyne@bergstromkohler.name,2015-10-02,99.66
lenore_pfeffer@oconner.name,2016-02-22,26.12
darius.nikolaus@stoltenbergheaney.io,2015-12-11,15.77
miguel@deckow.com,2015-08-21,57.72
tate_bernier@lindrunolfsdottir.info,2016-04-15,18.66
hobart.armstrong@schuppe.name,2015-12-02,46.73
dave.blanda@pollich.net,2016-01-01,38.23
liliana_gislason@kuvalis.co,2015-05-27,80.54
kurt.fritsch@connelly.biz,2015-07-25,25.81
emily@dickinson.info,2015-11-07,63.09
guiseppe@cormier.biz,2015-10-10,91.38
graham_schroeder@connsanford.info,2015-08-16,11.45
buck_sporer@danielpouros.info,2015-10-13,80.43
kane@barrows.io,2016-03-19,36.31
iva_harber@torpschmidt.org,2015-09-22,20.22
giovanny@lueilwitz.co,2015-07-24,76.53
verdie_casper@kuphalmarks.org,2015-11-25,92.29
shannon@grimes.biz,2015-06-26,58.94
kaylah_spinka@white.co,2016-01-11,14.14
kristoffer@crooks.io,2016-04-17,54.49
david_schmeler@corkeryroberts.io,2016-02-18,28.89
santina_rodriguez@quigleydietrich.io,2016-03-01,57.04
emery@marquardtfeil.io,2015-10-11,44.31
abdiel@jacobsonpredovic.name,2016-01-05,85.77
ryann@hahn.name,2015-11-11,18.77
theresa@koelpinfritsch.io,2016-05-02,82.68
vergie@bechtelar.biz,2015-09-22,97.45
adaline_gislason@strosin.io,2015-06-17,30.48
hipolito_bogan@ward.io,2015-09-03,81.83
hanna@harrisdonnelly.co,2015-07-28,44.29
vergie_waelchi@muller.com,2016-05-08,89.47
benjamin@waelchi.info,2016-01-20,71.85
bernie_zboncak@harris.net,2016-03-31,96.86
lenora@millerrohan.info,2015-06-08,98.22
veronica.christiansen@crooks.io,2016-03-28,46.04
neil@kautzerflatley.info,2015-12-09,20.36
hanna@mitchell.biz,2016-02-16,39.54
lucy.raynor@little.com,2015-10-07,17.13
mabel.huel@von.org,2016-05-10,37.76
adeline_swift@tromp.co,2015-11-09,93.76
kelvin_toy@king.info,2015-11-18,98.17
niko_rogahn@lubowitz.org,2015-12-24,62.21
lawrence.mcclure@von.org,2015-05-23,86.14
oliver_hoeger@krajcik.co,2015-12-19,76.18
clemens.quigley@mitchell.biz,2016-04-01,55.68
sierra@gerhold.co,2015-05-20,66.65
darrion.steuber@cruickshankhyatt.org,2016-01-14,68.85
caandra_wisozk@dicki.info,2015-07-28,52.84
liliana_huels@hills.co,2016-02-08,13.42
nyasia@jacobs.info,2015-09-30,83.74
elia@heidenreich.com,2015-10-26,95.87
willy@koeppbednar.info,2016-02-22,28.35
melvina.trantow@thiel.org,2015-07-27,48.33
joey@mohr.info,2016-01-22,53.99
brenna@ortiz.biz,2015-06-26,41.43
odell@hermankuhn.info,2015-07-08,75.37
wilson.daniel@kuvalis.info,2016-05-15,36.46
oswaldo@lubowitz.net,2015-06-14,37.54
maiya@goodwin.org,2015-08-18,27.71
ronaldo@lowe.biz,2015-07-22,75.77
kelvin.davis@hyatt.info,2016-04-21,53.78
evie@johnson.org,2016-01-22,30.19
cecilia.terry@streich.info,2015-06-26,17.95
esmeralda@conroy.io,2015-08-07,20.85
darian@crist.name,2015-11-05,37.65
geovanni_fahey@leannon.net,2015-07-01,18.03
drake.koelpin@schimmel.io,2016-03-11,19.84
dominic@tremblaykreiger.name,2015-06-14,42.79
ottilie@muellersatterfield.net,2015-11-02,44.53
winona@considinestracke.biz,2016-04-13,87.77
haven.kuphal@wintheiser.info,2015-07-02,14.66
camron@beahan.net,2016-01-29,93.04
arch.howe@dubuquewilliamson.name,2016-02-29,47.57
tre@gerholdheller.biz,2015-12-06,69.19
zane.schulist@king.info,2015-09-23,69.65
fredrick.damore@mitchell.org,2015-07-15,40.11
angelita@willfeest.com,2016-03-15,94.87
rosanna.flatley@hermannokuneva.co,2015-07-20,26.25
oliver@gusikowski.com,2015-11-13,44.47
noemi@wehnergrant.co,2015-07-06,32.33
onie@cormier.org,2016-02-09,77.93
mittie@mertzhodkiewicz.net,2016-01-22,62.36
vickie.eichmann@ankundingcorwin.net,2015-07-17,22.67
napoleon_boehm@goldner.com,2016-02-27,63.76
florencio@mccullough.org,2015-08-09,88.29
ofelia@wyman.net,2016-02-18,37.44
micheal@carrollsauer.com,2016-04-23,37.22
marcelino.gorczany@gusikowski.name,2016-04-04,46.23
troy.shields@cain.info,2015-06-24,30.48
laurianne@predovicleuschke.co,2016-02-14,24.69
mohamed@weber.info,2016-01-01,29.86
cathy@beatty.io,2015-05-26,91.21
johnpaul@herzogosinski.net,2015-08-28,70.86
charlene@waters.info,2015-12-09,49.36
darien.moen@koch.co,2015-11-27,91.27
jammie@klein.name,2015-10-08,81.12
maybelle@lind.io,2015-10-14,29.09
narciso_robel@jenkinsgleichner.io,2016-03-10,97.97
raven@ebert.org,2015-06-12,73.26
beulah.king@weinatlebsack.name,2016-01-27,89.19
corbin@wiegand.info,2015-12-29,27.88
skylar@abernathy.net,2016-04-02,44.18
jackeline_kovacek@wildermankihn.name,2015-06-11,32.73
llewellyn_botsford@durgandaugherty.net,2015-07-18,28.34
francis_osinski@goldnerherman.name,2015-10-11,84.09
dave@rolfson.info,2015-07-26,88.71
kale.marvin@heidenreich.info,2015-09-24,24.79
geo@hudson.co,2015-06-06,43.48
warren@maggio.com,2015-08-29,35.23
rosina.bechtelar@bailey.info,2015-05-23,87.72
kelly@swaniawskidicki.com,2015-06-16,27.09
cathrine_wiegand@boyle.name,2015-10-18,73.17
elbert_rowe@turcotte.co,2015-08-11,50.71
teie@aufderharondricka.com,2015-10-05,12.64
myrna.konopelski@lockman.net,2015-08-01,65.05
dusty@skiles.com,2016-01-15,34.06
ally@tromp.name,2015-12-27,17.27
quinten@jakubowski.co,2015-10-20,20.84
jada@roob.io,2015-09-06,78.86
olga.littel@streich.io,2016-01-01,50.77
lupe_reichert@reinger.net,2016-01-14,45.68
jeika.trantow@wyman.io,2015-12-23,26.51
yvette.morar@wisozkarmstrong.co,2016-05-11,80.12
elvis@hoppe.biz,2015-09-13,89.73
tierra@barton.org,2015-11-20,13.05
renee.koepp@hudson.com,2015-05-31,22.45
billie@westpollich.com,2016-01-19,19.22
toy@moore.biz,2016-05-05,18.76
laury@oharastanton.io,2015-09-27,52.39
bridgette@huel.net,2015-07-24,77.97
rory@konopelski.biz,2016-01-21,17.48
andres_kilback@green.org,2016-04-11,76.06
lenna@abbott.net,2016-03-17,58.43
annabel_bayer@kertzmanncronin.co,2016-01-18,73.39
marcelo_schulist@schmeler.info,2015-10-16,33.84
fernando_zulauf@hane.net,2015-05-28,30.13
zita_wunsch@schuster.com,2016-03-19,44.05
golda@sauerhammes.name,2015-06-17,95.18
sheridan@daugherty.co,2015-09-24,89.46
orland@simonis.name,2015-06-07,18.43
hettie@heathcote.io,2016-05-01,85.39
holden_denesik@paucek.info,2016-04-07,97.82
daryl_bogan@daugherty.org,2015-05-19,38.33
hershel@fisher.org,2016-02-22,88.28
derek@ortiz.net,2016-05-14,89.57
marjolaine_zboncak@lemkechamplin.biz,2015-06-09,63.14
leopold@glover.net,2015-12-19,87.39
jamaal.skiles@braun.com,2015-06-01,52.82
lincoln@turnerwaelchi.com,2015-10-06,56.03
major_thiel@bernhard.co,2015-08-17,70.66
braulio@emard.net,2015-08-25,48.78
finn_sawayn@cain.org,2015-10-08,60.23
chadd_oconnell@kerluke.io,2016-02-21,63.53
ofelia.harber@schuppestreich.net,2016-03-04,30.02
deron@goodwin.org,2016-04-10,51.01
kennedi_olson@wuckertzulauf.net,2015-08-07,68.98
adrienne@erdmanmcclure.info,2015-07-04,92.65
neha@little.biz,2016-03-02,37.59
gay@osinski.co,2016-01-01,83.47
jennings@stehr.com,2015-11-29,43.56
hilbert_stehr@miller.com,2016-04-18,92.69
kiel@ziemann.net,2016-03-10,98.93
hilbert_schamberger@hoppeauer.info,2015-11-03,18.54
carol@keler.name,2015-09-17,64.49
florencio.hansen@ohara.name,2015-11-06,50.03
mary.klocko@reichel.co,2015-10-03,97.46
kris@millchuster.net,2015-10-08,41.76
luigi_kshlerin@johnston.name,2015-06-24,29.59
genevieve_graham@dibbert.net,2015-07-31,40.91
linda_predovic@howell.io,2016-03-31,12.63
madisyn@cruickshank.info,2015-09-29,39.13
glenna@paucek.io,2016-02-14,91.36
daniella_von@wilderman.org,2015-05-18,94.28
carole@ledner.net,2015-08-08,74.77
tate_bosco@luettgen.net,2016-03-18,70.76
wellington_weinat@hand.io,2015-11-05,12.94
morris@okuneva.com,2016-04-08,95.57
hudson_beahan@rippin.io,2015-10-26,87.36
ken@wehner.info,2015-11-28,11.73
lauriane.beatty@frami.co,2016-04-17,23.94
sammy@volkman.biz,2016-04-09,70.27
rey_kunde@townemetz.org,2015-06-01,66.99
franz@armstrong.name,2015-12-06,29.62
ulises@lubowitz.info,2016-03-10,24.01
sylvia@wizastroman.net,2016-02-11,15.56
lorna@bogisich.name,2016-04-29,68.93
ansley_okon@quitzon.co,2015-07-10,41.79
joseph.johnston@bergstrom.com,2015-10-25,77.24
aiden.schulist@hoeger.name,2016-01-19,93.94
lourdes.toy@beahan.com,2016-02-08,45.66
larue@blandagleichner.org,2015-10-19,82.16
cesar@christiansen.name,2015-05-28,40.03
alfonzo@lueilwitz.com,2016-03-18,84.06
aaliyah@haag.net,2016-04-25,17.77
destiny.simonis@brakus.name,2016-05-08,23.81
demarcus@kuphal.info,2015-10-19,65.79
chelsea@kerluke.co,2015-09-27,83.03
mazie@flatley.io,2015-12-23,64.62
gladyce@reichert.biz,2015-09-10,89.87
jamey.kuhic@mcclurewiegand.co,2015-08-01,42.44
durward_steuber@mraz.io,2015-05-25,23.47
holly@bartongislason.net,2015-10-08,59.35
matilda@skiles.co,2015-09-09,86.98
lyla_sipes@gutkowski.com,2015-07-16,40.98
ransom.king@raynor.org,2016-02-27,67.33
gudrun_lakin@orn.net,2016-03-27,34.01
sonya_schumm@bahringerstamm.org,2015-12-12,22.73
rosendo.stamm@harrisbeier.biz,2016-03-09,68.39
carrie_kuhic@metz.com,2016-03-21,37.47
cierra.dickinson@johnston.biz,2016-04-06,25.74
leopoldo@haleymuller.com,2016-01-01,12.06
noel@cummerata.org,2015-12-16,18.88
orland@rau.info,2015-05-26,80.72
twila_fadel@reynolds.com,2016-04-08,24.54
nora@aufderhar.net,2015-05-17,91.91
otis_roob@kemmer.com,2015-11-14,55.18
lenore.roob@cruickshanknolan.name,2016-03-30,65.03
fae@greenholtlebsack.io,2015-07-27,45.39
elias@dare.org,2015-07-16,38.31
ford@boylelakin.org,2016-04-05,30.95
buford@kohler.name,2016-01-26,25.41
deven@lehner.name,2015-07-22,90.65
janelle_wehner@runolfsdottir.org,2015-10-25,26.12
otha.hudson@johnstontromp.name,2015-10-01,93.78
adaline.prosacco@markswaelchi.biz,2015-09-25,64.88
jazlyn.christiansen@oreilly.co,2015-10-26,41.18
ashlee.wisozk@treutel.com,2016-05-06,24.04
ellis@kunde.com,2015-11-22,75.57
dashawn@emard.io,2016-02-17,58.47
celestine@raynor.org,2016-04-16,62.32
verdie.runolfon@cormier.name,2016-03-28,62.39
jovanny.hills@mclaughlinlebsack.com,2015-10-13,49.89
amanda_waelchi@lesch.net,2015-11-11,31.06
deondre.wehner@pfeffer.co,2015-11-08,26.11
libbie.jenkins@huels.co,2016-01-08,53.89
coralie@renner.name,2016-03-16,75.43
garrick@torphy.biz,2016-03-05,78.68
lacy.wolf@ortizswift.biz,2016-01-17,20.59
bertha@schmeler.com,2016-01-16,44.08
ted@goyette.org,2015-10-05,45.45
karine@quigley.biz,2016-02-27,45.79
bernadine.durgan@leuschke.net,2015-12-06,39.83
annabel@ratke.org,2015-07-24,72.21
myah.zulauf@colehermiston.net,2016-03-03,17.67
gavin@goldner.info,2015-08-27,91.49
lonnie_kohler@turner.io,2016-04-28,49.29
lyda@brekke.org,2015-06-06,96.96
adele.harvey@kochherman.org,2016-05-12,18.65
baron.schuster@ko.io,2015-12-08,68.21
carrie_towne@christiansen.name,2015-09-15,28.35
toy@marks.biz,2016-05-09,22.83
christy.dubuque@gottlieb.net,2015-07-26,47.39
madelyn@volkman.org,2015-07-29,62.57
gust@pfannerstill.name,2016-04-12,49.39
ansel@donnelly.org,2015-07-21,80.98
darian.leuschke@hoppestiedemann.org,2015-11-06,73.55
robyn@dickenshalvorson.org,2015-06-16,74.43
adelle@daugherty.name,2016-01-20,72.83
jackeline.mann@koepp.biz,2016-01-03,35.93
wyatt@anderson.co,2016-01-01,58.18
sebastian@stokescummerata.com,2016-02-26,45.99
macey@maggio.info,2015-09-23,85.65
billy@sanfordjerde.net,2015-12-12,34.68
meagan@kunde.io,2015-11-04,86.35
moses@wintheiser.info,2015-12-05,76.24
conor@hilllboyle.net,2016-03-07,46.36
janick.mosciski@paucek.io,2015-06-28,46.42
laila@schinner.name,2016-05-05,19.48
mortimer@jacobson.io,2015-11-25,40.67
everette.larkin@wuckert.org,2015-10-12,61.76
zena_wisozk@dicki.io,2015-07-31,10.82
jaren_heller@bahringer.biz,2015-06-16,66.99
rhianna_will@cain.name,2016-02-15,76.13
ashlynn@larkincronin.io,2015-06-19,53.52
antoinette@graham.net,2015-08-31,11.58
velma@lubowitzkirlin.info,2015-07-26,89.33
royal.gleichner@kuhn.org,2015-11-04,78.35
wilfrid_carter@bailey.com,2015-12-02,77.35
devonte@lockman.net,2015-11-09,60.14
sheridan.graham@smith.name,2015-08-29,72.97
patsy@goyettereilly.name,2015-11-23,60.26
shanel@schuppe.biz,2015-08-13,73.51
evans.cain@lind.name,2015-07-30,83.32
ada@nolan.com,2015-10-08,78.69
maurice@harriscrist.info,2016-01-21,22.19
hank@mraz.org,2016-04-07,31.46
jason@moriette.io,2015-12-01,66.84
elisha@feeneycain.net,2015-10-09,26.71
rigoberto@bernierwilkinson.net,2015-10-02,11.14
friedrich.davis@schaefer.co,2016-02-07,35.27
rozella@brakuschristiansen.co,2016-02-03,24.89
anais@collierzulauf.info,2015-12-01,92.14
kristoffer.koch@nikolausdeckow.org,2015-09-11,66.18
kasey.monahan@weber.co,2015-06-19,68.75
friedrich@mayert.org,2015-10-17,38.24
alverta_labadie@wizadavis.com,2015-12-25,30.74
oda@ferryquitzon.biz,2016-01-16,64.93
janiya_weinat@greenholt.info,2015-07-01,44.02
angelita@swiftmosciski.net,2016-05-05,39.87
erich_spencer@zemlak.com,2015-07-27,19.52
cleveland.quitzon@hirthe.net,2015-06-30,77.96
jarret@reichertgutmann.io,2016-03-18,48.02
fatima@bahringerjohnson.name,2015-09-27,84.91
fabian_wiegand@lesch.org,2015-11-15,59.85
matteo@johnston.com,2015-11-23,63.53
scarlett@tillman.biz,2016-02-26,59.24
alana@abbott.info,2015-11-20,47.57
virgil@kautzer.biz,2016-02-08,86.95
leilani@bruen.net,2016-01-14,80.22
alvera_farrell@hermanpollich.biz,2015-06-15,49.79
allene@bode.com,2015-07-17,34.78
jalen_wilkinson@cain.io,2016-03-10,14.56
theo@smithmills.com,2016-01-04,89.27
tevin@nolannader.io,2016-04-19,37.76
thora_jaskolski@ortiz.io,2016-03-28,67.01
travon@stoltenbergdeckow.io,2015-08-25,16.04
christelle_mante@padbergschulist.biz,2016-04-03,53.94
tomasa_gleason@kertzmann.org,2015-08-23,49.28
claudine_feest@kohlerhaag.io,2016-01-11,47.15
hipolito_langworth@gutkowski.net,2015-06-30,15.87
nichole_vandervort@stark.co,2015-11-07,63.42
amaya@beahanwilkinson.co,2015-11-05,56.19
jordon@oconner.org,2015-09-06,12.71
kayleigh.dach@jacobs.io,2015-05-26,24.67
keaton@gerlachtowne.org,2015-07-26,96.16
kylie_walsh@jacobs.co,2016-01-21,41.53
lisette@kunde.org,2016-04-29,97.51
willow@prosacco.info,2015-07-09,38.49
oleta_stamm@gislasonwolf.com,2015-09-27,93.45
sylvan@wardhand.net,2015-07-12,59.03
delphine_wintheiser@olsoncorkery.name,2016-04-05,31.29
gretchen.walker@purdy.org,2015-10-28,54.71
alberto.gibson@ruelabbott.name,2015-06-29,60.46
claria@lebsack.org,2015-09-09,74.34
lia@hellerquigley.net,2016-01-21,25.52
americo.kuphal@grady.net,2016-02-24,21.38
ova@daniel.com,2016-05-03,93.79
emely@pacochawest.io,2016-04-09,44.82
ben_yost@jones.name,2015-12-03,46.44
aurore.pfannerstill@breitenberg.co,2015-07-15,73.05
janie.reichert@schmelerkuvalis.net,2015-12-28,23.04
breana_gibson@boylecartwright.name,2016-04-16,10.49
akeem@feeney.com,2015-07-16,35.84
shanon@greenfelder.co,2015-06-18,88.74
dwight@abbottreichert.io,2015-09-12,96.29
zetta_wyman@littel.io,2015-07-05,72.84
sigurd_connelly@ruecker.io,2015-09-19,76.01
deangelo@mayert.info,2015-12-06,78.53
soledad@runtegaylord.net,2016-01-07,32.09
joannie@sawayn.net,2016-03-17,20.08
paula@colerempel.biz,2015-06-21,84.96
stefan_king@fahey.io,2015-11-10,12.95
noelia@stroman.biz,2016-02-05,54.32
rita@murphy.info,2015-05-23,82.34
jimmie@casperkaulke.co,2015-07-20,95.79
omer@ortiz.co,2015-09-04,71.05
german_boyle@murray.info,2016-03-23,84.57
marlon@breitenberg.biz,2015-10-09,93.98
tate_hauck@swiftblick.info,2015-12-27,70.08
susan.beahan@kulas.io,2016-03-15,63.42
marty@hane.name,2016-01-26,65.72
tristian.mosciski@fahey.net,2015-10-09,57.33
justen@cormier.io,2015-07-22,74.93
dave.corkery@emard.co,2015-07-23,21.47
heather_leannon@cole.info,2015-09-08,33.65
erika@bogan.name,2015-12-07,96.39
chaim_eichmann@ondricka.biz,2016-02-26,64.18
rudy_breitenberg@kerluke.com,2016-01-13,82.46
miracle@kozey.name,2016-05-07,28.75
noe_borer@schambergerfeeney.info,2015-08-07,56.99
preston@lemkegleichner.org,2015-07-06,73.17
arnaldo.kuhn@bernhard.io,2015-12-03,40.85
khalil@quitzonhickle.name,2015-05-18,43.91
julius@lowe.net,2016-02-29,72.36
cornell@leannon.org,2015-11-17,92.27
iva@johnston.net,2016-02-19,54.23
aylin.mckenzie@champlin.net,2015-06-05,70.58
jordon@oconner.org,2015-07-05,67.14
kayleigh.dach@jacobs.io,2015-06-12,54.77
keaton@gerlachtowne.org,2015-06-15,79.71
kylie_walsh@jacobs.co,2015-12-29,78.75
lisette@kunde.org,2015-07-31,96.99
willow@prosacco.info,2015-09-02,34.67
oleta_stamm@gislasonwolf.com,2015-12-28,34.21
sylvan@wardhand.net,2015-08-23,14.81
delphine_wintheiser@olsoncorkery.name,2015-07-21,85.03
gretchen.walker@purdy.org,2016-04-03,80.81
alberto.gibson@ruelabbott.name,2015-05-29,38.11
claria@lebsack.org,2015-11-25,82.13
lia@hellerquigley.net,2016-05-07,86.02
americo.kuphal@grady.net,2015-07-23,54.65
ova@daniel.com,2015-08-16,34.17
emely@pacochawest.io,2015-12-26,12.34
ben_yost@jones.name,2016-04-01,41.51
aurore.pfannerstill@breitenberg.co,2015-10-18,62.99
janie.reichert@schmelerkuvalis.net,2016-03-21,90.28
breana_gibson@boylecartwright.name,2015-08-11,14.31
akeem@feeney.com,2016-01-28,39.34
shanon@greenfelder.co,2016-03-16,84.21
dwight@abbottreichert.io,2015-08-20,87.48
zetta_wyman@littel.io,2015-07-06,42.87
sigurd_connelly@ruecker.io,2015-07-16,87.39
deangelo@mayert.info,2016-04-19,88.84
soledad@runtegaylord.net,2015-11-30,88.72
joannie@sawayn.net,2016-04-29,99.17
paula@colerempel.biz,2016-04-12,60.25
stefan_king@fahey.io,2015-09-29,78.22
noelia@stroman.biz,2015-07-28,72.28
rita@murphy.info,2016-02-25,68.59
jimmie@casperkaulke.co,2016-05-02,86.14
omer@ortiz.co,2016-04-17,10.64
german_boyle@murray.info,2016-03-12,66.81
marlon@breitenberg.biz,2015-09-30,11.78
tate_hauck@swiftblick.info,2015-08-16,41.98
susan.beahan@kulas.io,2015-09-04,45.45
marty@hane.name,2016-01-16,75.07
tristian.mosciski@fahey.net,2015-12-14,80.93
justen@cormier.io,2015-12-09,63.96
dave.corkery@emard.co,2015-08-14,76.79
heather_leannon@cole.info,2015-11-04,84.96
erika@bogan.name,2015-12-01,48.75
chaim_eichmann@ondricka.biz,2016-01-12,84.87
rudy_breitenberg@kerluke.com,2016-05-10,34.61
miracle@kozey.name,2016-04-20,79.81
noe_borer@schambergerfeeney.info,2015-06-12,30.55
preston@lemkegleichner.org,2015-06-26,66.69
arnaldo.kuhn@bernhard.io,2015-09-19,37.74
khalil@quitzonhickle.name,2015-11-03,44.04
julius@lowe.net,2015-11-16,11.25
cornell@leannon.org,2016-03-03,39.16
iva@johnston.net,2016-01-21,24.16
aylin.mckenzie@champlin.net,2015-12-26,61.65
delia_stamm@weberkuphal.org,2016-02-24,22.57
aurelio_zulauf@rowe.net,2015-07-20,82.71
judy.moriette@heaney.com,2015-06-28,53.33
lionel.gottlieb@ortiz.net,2016-03-08,41.97
annabelle@kerluke.org,2015-12-14,95.09
isobel@welchgutkowski.biz,2015-11-16,19.27
madeline@thiel.org,2015-07-05,58.47
rowland@schoenferry.name,2015-12-25,53.96
dante@aufderhar.io,2015-09-24,66.72
urban.robel@crist.com,2015-07-30,21.27
louie@oberbrunnerbahringer.info,2015-12-26,29.96
josh_williamson@flatleystokes.com,2015-07-12,15.61
estel@reynolds.com,2016-03-19,49.83
kristy@yost.info,2016-01-15,36.05
charlie@moen.biz,2015-05-31,86.99
preston_king@crooks.io,2015-06-21,37.23
betsy@krajcikharber.net,2015-08-29,71.67
nicolette@ondrickalowe.io,2015-08-18,73.87
caitlyn@kuhlmantorp.net,2015-08-25,59.88
jay.huel@mayer.co,2015-06-22,36.42
adrienne_turcotte@nolanzemlak.info,2016-04-13,66.03
emely.hayes@ward.io,2015-10-28,87.01
kristy@thiel.com,2016-01-05,33.08
seamus@rodriguezbeatty.com,2015-05-23,18.21
junius_erdman@gibson.io,2016-02-12,70.52
wendy@fadel.com,2016-03-03,16.81
mark_west@hayeskiehn.com,2016-03-10,35.45
zane.hahn@komosciski.io,2016-02-29,36.36
sean@feeneyhegmann.name,2015-05-30,84.24
zachary.rogahn@brown.net,2015-11-23,87.76
jerome.reichert@durgan.net,2015-09-10,58.35
dale_ritchie@brekke.biz,2015-11-17,90.72
destany.dooley@feeney.name,2015-11-21,39.69
ashleigh@muellerschamberger.name,2016-02-08,34.88
clay@jacobs.info,2015-09-08,38.25
delia_stamm@weberkuphal.org,2016-05-03,28.44
aurelio_zulauf@rowe.net,2015-07-23,27.65
judy.moriette@heaney.com,2015-06-15,75.14
lionel.gottlieb@ortiz.net,2015-10-20,51.24
annabelle@kerluke.org,2016-03-08,92.28
isobel@welchgutkowski.biz,2015-12-13,38.84
madeline@thiel.org,2015-08-16,54.11
rowland@schoenferry.name,2015-05-29,12.14
dante@aufderhar.io,2015-12-14,41.62
urban.robel@crist.com,2015-12-22,29.33
louie@oberbrunnerbahringer.info,2016-04-14,36.57
josh_williamson@flatleystokes.com,2015-06-07,38.86
estel@reynolds.com,2016-01-10,99.09
kristy@yost.info,2015-11-29,87.13
charlie@moen.biz,2015-07-22,34.91
preston_king@crooks.io,2015-12-27,56.13
betsy@krajcikharber.net,2016-01-24,26.73
nicolette@ondrickalowe.io,2015-06-29,19.97
caitlyn@kuhlmantorp.net,2015-08-16,62.21
jay.huel@mayer.co,2016-03-16,93.62
adrienne_turcotte@nolanzemlak.info,2015-06-06,36.87
emely.hayes@ward.io,2015-06-23,62.27
kristy@thiel.com,2016-01-09,96.42
seamus@rodriguezbeatty.com,2015-08-31,22.98
junius_erdman@gibson.io,2015-11-10,14.83
wendy@fadel.com,2015-09-23,95.46
mark_west@hayeskiehn.com,2015-10-09,19.79
zane.hahn@komosciski.io,2015-09-29,31.01
sean@feeneyhegmann.name,2015-06-17,83.64
zachary.rogahn@brown.net,2015-12-12,61.08
jerome.reichert@durgan.net,2015-07-23,88.93
dale_ritchie@brekke.biz,2015-09-07,72.36
destany.dooley@feeney.name,2015-09-29,27.81
ashleigh@muellerschamberger.name,2016-02-29,18.43
clay@jacobs.info,2015-07-03,41.44
delia_stamm@weberkuphal.org,2016-01-05,72.71
aurelio_zulauf@rowe.net,2016-01-11,21.39
judy.moriette@heaney.com,2015-08-14,93.18
lionel.gottlieb@ortiz.net,2015-08-22,41.72
annabelle@kerluke.org,2016-04-20,20.59
isobel@welchgutkowski.biz,2016-01-03,95.29
madeline@thiel.org,2015-08-15,15.14
rowland@schoenferry.name,2016-03-12,81.75
dante@aufderhar.io,2016-04-17,40.27
urban.robel@crist.com,2015-12-09,20.64
louie@oberbrunnerbahringer.info,2015-10-20,74.85
josh_williamson@flatleystokes.com,2015-07-30,46.82
estel@reynolds.com,2016-02-26,16.95
kristy@yost.info,2015-08-10,88.28
charlie@moen.biz,2016-03-10,15.91
preston_king@crooks.io,2015-06-02,21.25
betsy@krajcikharber.net,2016-04-01,73.21
nicolette@ondrickalowe.io,2015-06-19,91.72
caitlyn@kuhlmantorp.net,2016-04-09,11.41
jay.huel@mayer.co,2015-10-14,32.43
adrienne_turcotte@nolanzemlak.info,2016-01-04,63.08
emely.hayes@ward.io,2015-09-25,26.49
kristy@thiel.com,2015-08-17,45.03
seamus@rodriguezbeatty.com,2016-01-26,35.24
junius_erdman@gibson.io,2016-03-16,49.75
wendy@fadel.com,2016-02-01,54.54
mark_west@hayeskiehn.com,2015-10-31,15.14
zane.hahn@komosciski.io,2015-09-29,23.04
sean@feeneyhegmann.name,2016-03-18,46.84
zachary.rogahn@brown.net,2016-05-07,98.94
jerome.reichert@durgan.net,2015-07-15,19.28
dale_ritchie@brekke.biz,2016-01-25,32.96
destany.dooley@feeney.name,2015-05-24,47.78
ashleigh@muellerschamberger.name,2015-09-04,49.89
clay@jacobs.info,2016-03-26,13.81
julius.hackett@hillshaley.name,2015-09-13,20.73
juliet@schuster.com,2015-11-12,19.72
johnson@kirlinhudson.net,2015-11-14,60.29
edythe_ziemann@jenkins.net,2016-03-25,65.48
zackary_swift@heaneyluettgen.net,2016-04-29,61.86
virgie_gusikowski@okunevastanton.com,2016-02-29,70.54
camilla@gaylordreichel.io,2016-03-20,31.07
lia@aufderharlynch.net,2016-03-25,41.45
leta@deckow.name,2016-01-02,56.81
jared@joneslueilwitz.name,2015-05-27,45.54
mackenzie_doyle@koch.co,2016-03-14,97.27
bernadine.shanahan@west.co,2015-08-24,35.62
theron_heidenreich@morarnader.com,2015-07-18,31.98
guillermo@littel.name,2016-03-04,30.71
madonna@jacobson.com,2016-01-21,47.46
ezra@braun.co,2016-02-05,42.55
ludie@will.org,2015-07-30,27.08
julius.hackett@hillshaley.name,2015-09-05,23.39
juliet@schuster.com,2015-08-14,95.98
johnson@kirlinhudson.net,2015-11-12,11.53
edythe_ziemann@jenkins.net,2015-07-02,44.66
zackary_swift@heaneyluettgen.net,2015-07-17,11.44
virgie_gusikowski@okunevastanton.com,2015-11-04,15.72
camilla@gaylordreichel.io,2016-03-21,83.89
lia@aufderharlynch.net,2015-10-11,78.36
leta@deckow.name,2016-04-03,42.96
jared@joneslueilwitz.name,2015-12-05,10.91
mackenzie_doyle@koch.co,2015-09-17,15.32
bernadine.shanahan@west.co,2015-12-07,28.72
theron_heidenreich@morarnader.com,2016-05-06,74.37
guillermo@littel.name,2016-01-16,86.56
madonna@jacobson.com,2015-08-21,31.63
ezra@braun.co,2015-06-01,54.91
ludie@will.org,2015-08-07,80.21
julius.hackett@hillshaley.name,2015-12-24,61.41
juliet@schuster.com,2016-05-14,10.84
johnson@kirlinhudson.net,2015-12-06,96.91
edythe_ziemann@jenkins.net,2015-11-23,29.96
zackary_swift@heaneyluettgen.net,2015-08-20,30.15
virgie_gusikowski@okunevastanton.com,2015-10-09,96.25
camilla@gaylordreichel.io,2016-02-05,22.06
lia@aufderharlynch.net,2015-10-29,83.18
leta@deckow.name,2015-06-25,14.78
jared@joneslueilwitz.name,2015-09-08,55.91
mackenzie_doyle@koch.co,2015-07-10,42.38
bernadine.shanahan@west.co,2015-09-11,80.61
theron_heidenreich@morarnader.com,2015-12-24,50.52
guillermo@littel.name,2016-05-06,91.91
madonna@jacobson.com,2016-04-26,94.72
ezra@braun.co,2016-04-20,72.86
ludie@will.org,2015-09-01,32.23
julius.hackett@hillshaley.name,2016-05-14,45.46
juliet@schuster.com,2016-01-22,69.99
johnson@kirlinhudson.net,2015-10-02,53.81
edythe_ziemann@jenkins.net,2015-11-10,16.03
zackary_swift@heaneyluettgen.net,2016-02-20,26.81
virgie_gusikowski@okunevastanton.com,2015-12-16,73.21
camilla@gaylordreichel.io,2015-06-14,83.82
lia@aufderharlynch.net,2016-03-18,33.19
leta@deckow.name,2015-06-03,11.36
jared@joneslueilwitz.name,2016-04-04,61.97
mackenzie_doyle@koch.co,2015-10-29,56.82
bernadine.shanahan@west.co,2015-06-09,12.99
theron_heidenreich@morarnader.com,2015-09-29,46.37
guillermo@littel.name,2015-11-28,70.86
madonna@jacobson.com,2015-09-23,72.37
ezra@braun.co,2016-02-16,17.94
ludie@will.org,2015-10-10,48.07